code,title,status,progress,acceptance
BE-024,四账对账、差异单和差异关闭,blocked,70,已完成：独立JSON账单导入、幂等、四类账簿逐订单比较、漏单/多单/重复/退款负向差异、处理依据和报告下载及前端。未完成：真实支付/银行/分账渠道适配与验收；缺账单/API、商户账户、回执、授权及手续费/到账时差映射。暂用独立模拟或人工导入验证，real_channel_verified=false，不触发真实付款。
QA-006,清算端到端、四账、幂等、退款和权限测试,blocked,90,已完成：内部清算、幂等并发、调整提案保护、退款负向、权限回归及四类独立模拟账单测试。未完成：真实支付、银行、实际分账回执的资金端到端联调；待BE-024外部数据源与测试账户到位。模拟通过不等同真实支付验收。
BE-022,计量数据采集、校验和计费明细,done,100,人工计量幂等与权限、支付/退款/交付/下载事件及共享API累计快照通过；计量不替代支付月份清算、不重复按订单累计共享用量。
BE-028,结构化审计事件和关联链,done,100,清算事件关联订单/批次/规则及请求号，结构化前后值与按订单隔离时间线验证通过。
BE-029,审计分类、组合检索、详情、分页和导出 API,done,100,分类、时间、组合查询、分页、CSV导出、公式防护、导出上限及越权拒绝验证通过。
FE-013,审计分类按钮、检索、详情时间线和导出,done,100,审计分类、时间筛选、CSV导出、前后值、时间线分页和业务跳转已实现；真实浏览器桌面及移动端验证通过。
QA-007,审计分类、检索、导出、安全和性能测试,done,100,隔离库审计自动测试通过；真实PG两万条记录查询基线及真实浏览器检索/详情/导出通过，不代表生产容量承诺。
QA-010,产品四阶段审核、通知、报告和权限端到端验证,done,100,四阶段审核、角色及企业隔离、通知和事务回滚通过；旧直接publish入口已封堵。
ARC-006,清算与审计专项集成门禁和验收报告,done,100,当前可实施计量、清算保护、审计、账单导入设计及验证证据归档；真实资金联调限制分别保留于BE-024、QA-006。
