任务编号,负责人,阶段,标题,依赖,初始状态,进度,验收条件
TRD-ARC-001,主Agent,0,确认需求基线、权限矩阵及状态机,,done,100,需求文档覆盖本轮确认的全部规则、SaaS组合首次创建及历史兼容边界，无未决核心规则；与已有实现差异明确。
TRD-ARC-002,主Agent,0,模型、接口、迁移、验收与任务监控设计,TRD-ARC-001,done,100,详细设计与验收矩阵归档；任务依赖无环、幂等导入，既有状态不覆盖；周期巡检及异常提醒已验证。
TRD-BE-001,后端Agent,1,产品交付分类、Logo必填与版本配置校验,TRD-ARC-002,todo,0,四种线上、三种线下方式统一映射；产品Logo380x280、病毒检查及持久化必需；提交审核校验在线所需文件或地址，已售版本不可覆盖。
TRD-BE-002,后端Agent,1,匿名商城列表、详情及安全公开DTO,TRD-ARC-002,todo,0,仅公开已发布可售商品、有效版本及最低价格；匿名不得取得成本、上游、凭据、审核日志；Logo公共缩略图授权独立于产品数据文件。
TRD-BE-003,后端Agent,2,每版本网关配置与待接入验证发布门禁,TRD-BE-001,todo,0,版本保存上游、路由、认证、Scope、超时和健康检查；四审核后待接入验证，健康及APISIX配置一致后发布；失败不可售、重试可审计且限制SSRF。
TRD-BE-004,后端Agent,1,购买企业显式选择及统一权限策略,TRD-ARC-002,todo,0,订阅须个人已实名、企业已认证且当前成员为super/admin；每请求校验选定企业，不按first_enterprise隐式选择；普通成员、禁用及离职用户越权拒绝。
TRD-BE-005,后端Agent,1,订单报价、成本与规则不可变快照,"TRD-BE-001,TRD-BE-004",todo,0,订单快照版本、交付方式、月单价成本、月数、规则、订单总价成本；月付1..36，非月付一次性；买方DTO/日志/导出隐藏成本。
TRD-BE-006,后端Agent,2,线下提供方订单审核及报价成本调整,TRD-BE-005,todo,0,仅提供方super/admin在待审核改价成本且价格>=成本；批准后待支付，拒绝原因必填结束订单；并发改价与付款受状态版本保护，审计保存前后值。
TRD-BE-007,后端Agent,2,买方超级管理员支付与财务到账确认,"TRD-BE-005,TRD-BE-006",todo,0,仅买方super可发起支付，财务可人工到账确认；线下未批准不得支付；模拟支付幂等且到账后只创建一次交付任务，付款后报价成本冻结。
TRD-BE-008,后端Agent,2,线下开工、交付验收及整改状态机,TRD-BE-007,todo,0,付款后待开工，提供方确认进入履约中，提交待买方验收，买方通过完成或拒绝整改；动作权限、附件、拒绝原因和循环整改审计通知完整。
TRD-BE-009,后端Agent,1,订阅月锚点、分段期限及边界算法,TRD-BE-005,todo,0,交付成功起算，原始锚点加月份而非滚动短月日期；Jan31/闰年/月末无漂移，半开区间及秒级剩余比例一致，历史期限不自动重算。
TRD-BE-010,后端Agent,2,同版本续费与未来已支付权益段,"TRD-BE-009,TRD-BE-007",todo,0,有效组合接期续费、已到期从恢复交付成功起算；未来段不生效、不重置当前用量，重复订单不叠加限额配额；续费失败不延长期限。
TRD-BE-011,后端Agent,3,APISIX订阅月配额与北京时间日限额,"TRD-BE-009,TRD-BE-010,TRD-BE-003",todo,0,千次转换整数，0不限；订阅月非自然月，日限额Asia/Shanghai；分钟限流保留；多副本Redis原子计数、版本切换保留用量、计数迁移不放大授权。
TRD-BE-012,后端Agent,3,在线交付验证及安全访问入口,"TRD-BE-007,TRD-BE-003,TRD-BE-011,TRD-BE-013",todo,0,文件扫描授权、网关路由与授权/健康或SaaS开通均验证后才完成；无需买方验收；文件/API仅买方super/admin可访问，凭据不入URL，失败三次10秒重试后转人工。
TRD-BE-013,后端Agent,2,SaaS单组合首购、续费及历史租户兼容,"TRD-BE-009,TRD-BE-010",todo,0,首次创建企业+产品组合，后续只能续费或升降级，禁止新增独立租户；并发首购唯一约束；历史多租户保留明确选择目标，不批量删除或合并。
TRD-BE-014,后端Agent,3,OIDC授权码PKCE用户SSO及应用配置,"TRD-BE-004,TRD-BE-013",todo,0,使用成熟协议库，OIDC发现、code换token、JWKS、PKCE S256、state/nonce、回调白名单及用户租户应用授权；和client_credentials客户端/Scope隔离。
TRD-BE-015,后端Agent,3,模拟SaaS资源端SSO及租户账号映射,TRD-BE-014,todo,0,模拟第三方校验iss/aud/nonce及签名、建立独立会话、绑定已授权用户和租户；普通成员仅获SaaS访问，过期/禁用/撤权拒绝。
TRD-BE-016,后端Agent,3,当前及未来权益升降级报价预览,"TRD-BE-010,TRD-BE-013",todo,0,API/模型API/SaaS逐段计算剩余秒比例，旧订单实际价成本与目标同原月数金额比较；未来已付段一并处理、分币舍入、报价过期校验及兼容性确认。
TRD-BE-017,后端Agent,4,升降级资金与资源变更Saga补偿,"TRD-BE-016,TRD-BE-007,TRD-BE-011,TRD-BE-015",todo,0,升级到账+资源成功才生效；降级收回旧高权限与退款关联，故障可重试补偿且不会双退；同组合并发锁、幂等、人工处理与零差价路径。
TRD-BE-018,后端Agent,4,升降级经济调整正负清算与防重复,"TRD-BE-017,TRD-BE-005",todo,0,未用旧收入成本冲回、目标重新计入；负向原规则正向目标规则快照；净支付/退款不再次全额清算，零差价成本调整可记账，完成月份归属及追溯一致。
TRD-BE-019,后端Agent,4,到期退款回收及共享授权安全恢复,"TRD-BE-011,TRD-BE-017",todo,0,撤销对应时段权益而非所有共享凭据；其他有效订单不受误伤；禁用凭据不因续费被自动恢复，日月计数保留，补偿失败转人工与告警。
TRD-BE-020,后端Agent,4,交易事件审计消息及买方敏感信息过滤,"TRD-BE-006,TRD-BE-008,TRD-BE-018",todo,0,登记审核发布、报价、支付履约、续费变更和清算调整均有操作者对象前后值及request_id；事务Outbox去重，买方通知审计视图不含成本/Secret。
TRD-FE-001,前端Agent,1,公开商城与后台路由和登录回跳,TRD-ARC-002,todo,0,/商城、/console后台、详情独立路由，匿名F5可访问；登录后按授权回跳、后台菜单角色隔离，不将隐藏按钮当作后端鉴权。
TRD-FE-002,前端Agent,2,商城商品区域、Logo与最低价格展示,"TRD-FE-001,TRD-BE-002",todo,0,显示Logo/名称/提供方企业/最低有效价格及月价或一次性单位；分类筛选搜索分页、加载空错误状态、桌面移动不重叠。
TRD-FE-003,前端Agent,2,商品详情、版本月数及购买企业选择,"TRD-FE-002,TRD-BE-005",todo,0,详情仅公共字段，月付三类1..36月，文件线下一次性；选企业显示资格，未登录引导登录、普通用户禁止购买，订单报价清晰。
TRD-FE-004,前端Agent,2,登记编辑弹框线上线下及每版本接入字段,"TRD-BE-001,TRD-BE-003",todo,0,交付分组、Logo强制、版本文件和API必填配置、0不限及千次说明、兼容性与SaaS回调字段；审核与草稿编辑权限延续，不覆盖已售文件。
TRD-FE-005,前端Agent,3,待接入验证、提供方接入文件及健康状态,"TRD-FE-004,TRD-BE-003",todo,0,审核后接入状态、错误及健康检查结果可查；所有者按权限下载接入凭据和规范，禁止显示调用方凭据；验证成功才可售。
TRD-FE-006,前端Agent,3,订单第二列访问入口与授权凭据详情,"TRD-BE-012,TRD-FE-003",todo,0,应用访问地址作为第二列，文件/API/模型/SaaS各自入口，失败未交付不可点；Secret不在表格/URL，普通成员不获下载及凭据。
TRD-FE-007,前端Agent,3,线下订单审核报价及履约整改界面,"TRD-BE-006,TRD-BE-008",todo,0,提供方审核显示可改价成本、买方不见成本；开工、交付附件、验收拒绝原因及整改动作按角色状态显示，统一弹框风格。
TRD-FE-008,前端Agent,3,超级管理员支付及财务确认入口,"TRD-BE-007,TRD-FE-003",todo,0,买方super可支付、admin仅订阅验收，财务可到账确认；旧支付按钮不越权，显示最终报价与重复点击防护。
TRD-FE-009,前端Agent,4,续费、剩余时段升降级报价与进度界面,"TRD-BE-016,TRD-BE-017",todo,0,组合期限/当前版本/未来段/配额展示，续费不叠加明确；升降级前兼容性确认、逐段净差额及支付退款和资源变更进度，买方不见成本。
TRD-FE-010,前端Agent,4,SaaS授权用户访问与SSO跳转体验,"TRD-BE-015,TRD-FE-006",todo,0,管理员管理获授权成员，普通成员仅见自己的SaaS访问入口，SSO回跳和错误可理解，无Token/Secret写入查询参数或localStorage。
TRD-OPS-001,部署测试Agent,2,快照、组合、经济调整及网关计数迁移,"TRD-BE-005,TRD-BE-009,TRD-BE-013",todo,0,真实PG备份与重复迁移，已支付和历史多租户保持；历史成本缺失明确标记不伪造；网关旧计数映射、回退及数据核对。
TRD-OPS-002,部署测试Agent,4,履约变更worker、监控及K8S发布回退,"TRD-BE-017,TRD-BE-018,TRD-BE-020,TRD-OPS-001",todo,0,market部署，YYYYMMDDHHMMSS-GitSha标签，Outbox租约及超时恢复；健康、变更失败、配额和告警可查；前后兼容灰度与回退验证。
TRD-QA-001,部署测试Agent,3,匿名、企业多角色及敏感字段隔离验证,"TRD-BE-004,TRD-BE-007,TRD-BE-002,TRD-FE-003,TRD-FE-008",todo,0,匿名不可读成本凭据；选企业隔离、降权/禁用即时生效；super支付admin验收finance确认、普通成员SSO不获文件/API权限；接口与导出双重验证。
TRD-QA-002,部署测试Agent,3,月末、续费及订阅月配额真实Redis回归,"TRD-BE-011,TRD-BE-010",todo,0,Jan31闰年月末、1/36月边界、到期及未来段；实际Redis/APISIX共享配额原子、北京时间日界与订阅月界、0不限、续费不清计数。
TRD-QA-003,部署测试Agent,4,四种线上交付与文件凭据真实端到端,"TRD-BE-012,TRD-FE-005,TRD-FE-006",todo,0,审核到待接入验证/发布购买模拟支付自动交付；健康和授权失败不得完成；文件下载次数限制、共享API凭据、异常重试转人工闭环。
TRD-QA-004,部署测试Agent,4,三种线下报价支付验收整改完整回归,"TRD-BE-008,TRD-FE-007,TRD-FE-008",todo,0,提供方改价成本审批、禁止低于成本与未批准支付、财务确认、待开工和整改循环、审计附件留痕及报价付款并发回滚。
TRD-QA-005,部署测试Agent,5,当前未来段升降级及正负清算故障验证,"TRD-BE-018,TRD-BE-019,TRD-FE-009,TRD-OPS-002",todo,0,升级降级同价、当前及未来段、真实PG并发幂等；原规则冲回目标规则计入净额对齐，支付退款与资源失败补偿，无重复分账或双退款；模拟不冒充真实支付联调。
TRD-QA-006,部署测试Agent,5,OIDC模拟第三方SSO与协议安全验证,"TRD-BE-015,TRD-FE-010",todo,0,真实浏览器模拟第三方SSO，code一次性PKCE/state/nonce校验、issuer/audience拒绝，租户隔离到期撤权、第三方失败与回调白名单；不声称真实第三方已联调。
TRD-QA-007,部署测试Agent,5,商城后台桌面移动及历史端到端回归,"TRD-FE-009,TRD-FE-010,TRD-OPS-002",todo,0,Playwright截图检查/和/console直接访问F5、Logo加载、第二列与弹框不溢出、公开价单位清晰；旧订单/审核/清算及文件报告链接正常。
TRD-ARC-003,主Agent,5,分阶段上线门禁、验收归档与任务复核,"TRD-QA-001,TRD-QA-002,TRD-QA-003,TRD-QA-004,TRD-QA-005,TRD-QA-006,TRD-QA-007",todo,0,测试和部署证据逐任务归档、全量计数准确；仅实际通过标记done，真实外部支付/第三方联调限制单列，不以模拟代替生产验收。
